h_b_pt_lead,h_b_pt_trail,h_b_eta_lead,h_b_eta_trail,h_bb_pt,h_bb_m,b_pt_lead,b_pt_trail,b_eta_lead,b_eta_trail,bb_pt,bb_m,h_l_pt_lead,h_l_pt_trail,h_l_eta_lead,h_l_eta_trail,h_l_pt,h_lbar_pt,h_l_eta,h_lbar_eta,h_l_abs_diff_phi,h_l_diff_abs_eta,h_ll_pt,h_ll_m,l_pt_lead,l_pt_trail,l_eta_lead,l_eta_trail,l_pt,lbar_pt,l_eta,lbar_eta,l_abs_diff_phi,l_diff_abs_eta,ll_pt,ll_m,vis_pt_miss,
719.435,61.2945,-0.595123,-0.302268,674.901,397.755,764.275,56.7938,-0.696916,-0.184906,718.88,415.221,308.296,20.537,-1.37838,-2.06404,20.537,308.296,-2.06404,-1.37838,2.85494,0.685664,288.655,167.046,301.976,21.3401,-1.31002,-1.89296,21.3401,301.976,-1.89296,-1.31002,2.88188,0.582943,281.405,166.124,308.073,
228.816,36.7291,0.0641604,2.31195,202.923,305.073,9999,224.384,0,-0.00632492,10205.1,-10202.6,321.297,93.7006,2.39567,-0.666972,321.297,93.7006,2.39567,-0.666972,2.6318,1.7287,243.836,835.312,323.772,69.2569,2.34117,-0.867716,323.772,69.2569,2.34117,-0.867716,2.76315,1.47346,260.674,773.042,79.0849,
236.608,178.879,-2.12787,1.12368,61.3882,1085.92,588.938,172.088,-1.38857,0.923625,433.898,1106.83,42.6448,40.3555,-1.34276,1.66567,42.6448,40.3555,-1.34276,1.66567,1.46992,-0.322908,61.5935,186.003,53.0521,38.3439,-1.299,1.47478,53.0521,38.3439,-1.299,1.47478,2.16931,-0.175774,44.6382,187.098,82.8616,
92.9345,78.7075,-0.392646,0.150188,39.1545,173.868,95.1486,78.5429,-0.443475,0.176183,41.5979,178.239,385.703,148.638,-0.99322,0.689943,148.638,385.703,0.689943,-0.99322,3.02225,-0.303276,238.779,658.087,370.733,144.275,-1.01398,0.722678,144.275,370.733,0.722678,-1.01398,2.96376,-0.291298,230.153,646.859,86.8902,
187.703,160.424,2.15766,-0.881166,82.5796,827.34,187.232,157.464,2.1727,-0.884877,91.1109,825.567,123.35,77.1687,-0.665515,1.14282,77.1687,123.35,1.14282,-0.665515,3.16425,0.477302,46.2344,280.464,123.964,75.6657,-0.656648,1.15564,75.6657,123.964,1.15564,-0.656648,3.17203,0.498989,48.388,278.798,93.9105,
198.383,122.816,-1.49893,0.77226,94.6256,533.136,197.38,121.678,-1.48831,0.778858,96.4515,528.875,256.966,181.596,-0.975261,0.864928,256.966,181.596,-0.975261,0.864928,3.25081,0.110333,78.9734,627.741,254.029,180.073,-0.969168,0.870413,254.029,180.073,-0.969168,0.870413,3.23732,0.0987546,76.7361,621.484,215.938,
322.174,62.0303,-0.506716,0.177839,276.411,284.832,288.795,65.6116,-0.551554,0.21094,239.631,284.996,295.397,82.9282,0.472066,-0.188506,295.397,82.9282,0.472066,-0.188506,2.75868,0.28356,220.66,324.842,93.2124,74.4254,0.544069,-0.1994,93.2124,74.4254,0.544069,-0.1994,2.74411,0.344669,37.8765,175.164,253.972,
285.72,177.942,0.300132,-0.924811,146.674,529.035,630.272,169.094,0.324068,-0.759028,470.021,757.13,170.896,68.2133,-1.3169,1.05784,170.896,68.2133,-1.3169,1.05784,3.38188,0.259056,105.894,386.039,157.543,91.4177,-1.17622,0.813781,157.543,91.4177,-1.17622,0.813781,3.24646,0.362441,67.3112,368.748,277.762,
422.123,128.682,-1.61649,-1.34324,308.729,460.763,414.748,80.1506,-1.49999,-1.29698,343.602,359.794,117.986,38.0074,-1.47455,-1.44125,117.986,38.0074,-1.47455,-1.44125,4.00273,0.0333064,97.5783,121.727,120.287,37.5788,-1.39152,-1.31506,120.287,37.5788,-1.39152,-1.31506,4.01354,0.0764633,100.325,121.996,250.163,
154.238,118.141,1.32174,-1.3594,126.986,537.617,160.565,144.342,1.19775,-1.29586,166.26,550.313,118.317,117.04,1.41397,-1.04346,118.317,117.04,1.41397,-1.04346,2.60488,0.370518,62.4167,432.04,130.16,109.733,-1.07001,1.34847,109.733,130.16,1.34847,-1.07001,2.83842,0.278459,41.4736,434.644,116.616,
257.617,103.224,-1.62572,1.20906,180.231,706.41,231.432,94.4673,-1.71918,1.27433,167.857,687.324,33.8494,23.0676,-2.30995,1.37203,33.8494,23.0676,-2.30995,1.37203,2.90355,0.937926,12.6604,180.431,37.7705,23.1692,-2.20771,1.37418,37.7705,23.1692,-2.20771,1.37418,2.77105,0.833522,18.2205,181.957,196.942,
547.051,384.333,-0.276135,-0.48056,168.991,920.776,740.562,684.067,-0.416767,-0.236694,60.6727,1447.41,36.9108,23.4596,-1.04129,-0.25147,23.4596,36.9108,-0.25147,-1.04129,1.64227,-0.789818,42.2976,49.2381,35.2173,21.6205,-1.0181,-0.235712,21.6205,35.2173,-0.235712,-1.0181,1.42252,-0.782392,43.9623,42.2878,165.175,
318.91,159.306,-0.968438,1.63926,203.089,882.597,311.654,155.431,-0.992185,1.68027,200.241,887.014,240.249,122.95,1.83573,-1.00689,122.95,240.249,-1.00689,1.83573,3.69191,-0.828844,149.938,747.648,229.235,120.187,1.88646,-1.03031,120.187,229.235,-1.03031,1.88646,3.71296,-0.85615,143.679,746.342,96.4112,
323.745,84.0607,1.22065,-1.25183,239.686,615.958,608.159,58.5834,1.3188,-1.29524,551.348,757.657,227.405,104.122,-0.51868,1.24419,227.405,104.122,-0.51868,1.24419,3.48611,-0.725511,134.095,432.037,212.936,66.0861,-0.511457,1.17557,212.936,66.0861,-0.511457,1.17557,3.48929,-0.664112,152.477,324.194,275.07,
230.763,75.42,-1.93551,-0.298467,218.713,322.852,207.072,78.2994,-2.18799,-0.259545,201.534,351.413,222.713,105.798,-0.105448,1.15585,105.798,222.713,1.15585,-0.105448,3.96668,1.0504,169.765,349.034,132.253,68.0898,-0.0797834,1.3191,68.0898,132.253,1.3191,-0.0797834,3.69769,1.23932,82.6472,232.371,55.6124,
